Head,Macro_F1,Micro_F1,Macro_Precision,Micro_Precision,Macro_Recall,Micro_Recall,mAP,L_bce,L_consistency,L_path,CHL
categories,0.3494311167607638,0.9162926625613192,0.31270526068178367,0.8545702326486907,0.42768271287905185,0.9876251546855664,0.44228435496143687,,,,
subcategories,0.6875046209914689,0.9508921351948683,0.644836683908964,0.912854481473815,0.7445785107923036,0.9922375970300371,0.7437982936272118,,,,
attr_groups,0.26866549835822107,0.9852727966425029,0.2717724062241601,0.9964885201620683,0.2657041259541234,0.9743067345783815,0.2721994184967889,,,,
attributes,0.017372387614443995,0.023638162658018713,0.014749184311671777,0.01196421067944208,0.02519840292018114,0.9743444633088096,0.01813786088598714,,,,
CompositeLoss,,,,,,,,0.40716929144138914,0.009127504353096588,0.040761663169740774,0.4106220075552412
OverallModel,0.0892195296514593,0.060873108209140554,0.08112462494315945,0.03141394982967931,0.10727113709634337,0.9782449002655818,0.10357406213690781,,,,
