Head,Macro_F1,Micro_F1,Macro_Precision,Micro_Precision,Macro_Recall,Micro_Recall,mAP,L_bce,L_consistency,L_path,CHL
categories,0.3482902155530222,0.9209131461558646,0.3314017046889156,0.8630729883926815,0.412832034725888,0.9870626617167285,0.4414277243789611,,,,
subcategories,0.7011918961310352,0.9603135717785398,0.6690408608992505,0.930379746835443,0.7451445418832684,0.9922375970300371,0.7439151768197064,,,,
attr_groups,0.265582898378941,0.9742382431832655,0.2719138665406483,0.9971164480960657,0.25970191227545836,0.952386342199585,0.2721846163288118,,,,
attributes,0.017197114458905524,0.023552142192813295,0.014588453190857362,0.01191997045709894,0.024908099627554484,0.9754763252216563,0.017916328810640807,,,,
CompositeLoss,,,,,,,,0.4065734538242971,0.009774941200618264,0.04350089753488842,0.4102383213077518
OverallModel,0.08929205565316257,0.06012957813794562,0.08416811712545542,0.031026042779371918,0.10499093781135298,0.9703904616601684,0.10328950108323419,,,,
