Head,Macro_F1,Micro_F1,Macro_Precision,Micro_Precision,Macro_Recall,Micro_Recall,mAP,L_bce,L_consistency,L_path,CHL
categories,0.3353273397664898,0.9256645619992573,0.32030011144947124,0.8759791122715405,0.38713413093074517,0.9813252334345821,0.4060129491438218,,,,
subcategories,0.7251969909097619,0.9732448866777226,0.7101576793914509,0.956743832192153,0.7414444794259522,0.9903251209359883,0.7432332191935919,,,,
attr_groups,0.25408627468659345,0.9328701379545774,0.27197661397140416,0.9971666523568301,0.23907109324314185,0.8763629503867195,0.27224277778957706,,,,
attributes,0.015799964105466992,0.6867295917003129,0.012552825426027332,0.5318162052471372,0.027549046334149778,0.9689869835880023,0.019290037257896915,,,,
CompositeLoss,,,,,,,,0.015973310518956226,0.0,0.0,0.015973310518956226
OverallModel,0.0869629751755799,0.8225760521004867,0.08247374850774261,0.7321204240407291,0.10312591025851323,0.9385347799061988,0.09989348705357011,,,,
