Head,Macro_F1,Micro_F1,Macro_Precision,Micro_Precision,Macro_Recall,Micro_Recall,mAP,L_bce,L_consistency,L_path,CHL
categories,0.337078942663751,0.9217089340208355,0.3100924799305693,0.8657704853217357,0.40558456251274266,0.9853751828102149,0.40425465131317007,,,,
subcategories,0.7187504967076968,0.9691334250343879,0.6967317970899117,0.9484169717854836,0.7431819691042828,0.9907751153110587,0.7435397377140553,,,,
attr_groups,0.0,0.0,0.0,0.0,0.0,0.0,0.2720834394491147,,,,
attributes,0.014622554735085074,0.6408167248066743,0.011385827088175324,0.47347740667976423,0.028187866308620226,0.9910960196189398,0.0187986262933015,,,,
CompositeLoss,,,,,,,,0.403618955998112,0.0,0.0022612925863442876,0.4037320202203106
OverallModel,0.0783186457717353,0.6018315118897248,0.07154950084244814,0.5853720420917686,0.09879423195474354,0.6192433745832627,0.09927797459268703,,,,
