Head,Macro_F1,Micro_F1,Macro_Precision,Micro_Precision,Macro_Recall,Micro_Recall,mAP,L_bce,L_consistency,L_path,CHL
categories,0.3844394539109874,0.9503984387705318,0.365406100638628,0.9171374764595104,0.41829818582735984,0.9861626729665879,0.4273425283789772,,,,
subcategories,0.7262269411893029,0.9754665780583708,0.7103377164731223,0.9606239092495636,0.7436639002735151,0.9907751153110587,0.7439796691300092,,,,
attr_groups,0.25611663199459794,0.940583205437404,0.2719506341020182,0.9969999154905772,0.24286231648426443,0.8902093944538766,0.2723324677930989,,,,
attributes,0.016866841901664893,0.7240152477763659,0.013510859016897204,0.5784771573604061,0.02751861357161636,0.967402376910017,0.021190828149301077,,,,
CompositeLoss,,,,,,,,0.01435065442334405,0.0,0.0,0.01435065442334405
OverallModel,0.09414620563417936,0.8483413224976986,0.08897075138607254,0.7704256374182686,0.10723868105433292,0.9437899078939933,0.10416328638185032,,,,
