Head,Macro_F1,Micro_F1,Macro_Precision,Micro_Precision,Macro_Recall,Micro_Recall,mAP,L_bce,L_consistency,L_path,CHL
categories,0.29192655950711943,0.8758465011286682,0.26226060243451893,0.7903313416621401,0.38092660177544696,0.9821127235909551,0.38156023388805094,,,,
subcategories,0.6908171097956376,0.9434346683823923,0.6495125327225161,0.9012497439049375,0.7420854378154362,0.9897626279671504,0.7395015898822158,,,,
attr_groups,0.2681213158693594,0.9832925523780395,0.2717947406517865,0.9965900724609602,0.2646197841177281,0.9703452178834182,0.2721005073489622,,,,
attributes,0.017081994484797865,0.023617580249441952,0.014429369462824337,0.01195362555980561,0.02487801787802853,0.9746085644218072,0.017730101658882936,,,,
CompositeLoss,,,,,,,,0.4090712928085876,0.00965968594491053,0.042852403314636765,0.4127107148976635
OverallModel,0.08179026971892196,0.060637608238337,0.07462841563057321,0.0312909799771973,0.10097136037711071,0.9758574899700514,0.09540370607709946,,,,
