Model,Macro_F1,Micro_F1,Macro_Precision,Micro_Precision,Macro_Recall,Micro_Recall,mAP
Incremental_B3_LGSA,0.09203855377229625,0.85898201861738,0.08606151161124885,0.7877063377045703,0.10483168307202347,0.944439735548398,0.1050399806843271
Incremental_B2_GAT,0.09414620563417936,0.8483413224976986,0.08897075138607254,0.7704256374182686,0.10723868105433292,0.9437899078939933,0.10416328638185032
Incremental_B4_CrossAttn,0.08565616461313758,0.8219337146245352,0.0797992836628361,0.7302399086898308,0.10163494488410943,0.9399615754082613,0.0995899489164097
HierFashion_Full,0.08079994356474914,0.8816230029235005,0.08119551112708986,0.8835430825328812,0.0819348820385604,0.8797112504944341,0.09286426406277823
