Head,Macro_F1,Micro_F1,Macro_Precision,Micro_Precision,Macro_Recall,Micro_Recall,mAP,L_bce,L_consistency,L_path,CHL
categories,0.3392107830864991,0.9246824434723027,0.31205822944587513,0.8698928996429988,0.40633725884143523,0.9868376645291934,0.42814446157260316,,,,
subcategories,0.7025688838205019,0.9625907924198569,0.6692163631690073,0.9353640416047548,0.7443056332406378,0.9914501068736641,0.7423997032394953,,,,
attr_groups,0.26564852659605936,0.9744598765432099,0.2718710935589025,0.9969607262680087,0.2598570431099339,0.9529522731560083,0.27210768528388196,,,,
attributes,0.017136934368050832,0.023530622738951006,0.014543250399948273,0.011909075737332776,0.02526186344501648,0.9746085644218072,0.018352317143111224,,,,
CompositeLoss,,,,,,,,0.41231957099420563,0.007916846530337772,0.0,0.4131112559665021
OverallModel,0.08814026205120822,0.06011648636097641,0.0816847728905539,0.031019317118823747,0.10443139623316196,0.9701503079618015,0.10190690757413523,,,,
