Head,Macro_F1,Micro_F1,Macro_Precision,Micro_Precision,Macro_Recall,Micro_Recall,mAP,L_bce,L_consistency,L_path,CHL
categories,0.34218688018161914,0.9179591623583476,0.3143892912301319,0.8566276803118908,0.41572650878121625,0.9887501406232422,0.4064774264166263,,,,
subcategories,0.7154076975094176,0.9675331797740485,0.6906885874616794,0.9439272338148743,0.7432185526490159,0.9923500956238047,0.7430851393805926,,,,
attr_groups,0.16202779580942633,0.6990795142969056,0.181050096502697,0.9954681726277627,0.14734200925477425,0.5386908130541407,0.27210908684048524,,,,
attributes,0.012843854183072968,0.020084758864667745,0.01014245546323219,0.010144263507407242,0.03059039461609055,0.9998868138087154,0.01850566719705438,,,,
CompositeLoss,,,,,,,,0.40315667695278745,0.00182440817413061,0.0030178540778219055,0.4044478786506241
OverallModel,0.08232475962037088,0.042977322267721704,0.07637356312354313,0.022063444020859573,0.10649140538473079,0.8248573204497938,0.09930812506587122,,,,
