Head,Macro_F1,Micro_F1,Macro_Precision,Micro_Precision,Macro_Recall,Micro_Recall,mAP,L_bce,L_consistency,L_path,CHL
categories,0.3254535346914243,0.9298226874599445,0.2996544362013693,0.8851042196237926,0.37491880821119866,0.9793002587467656,0.40373889012644704,,,,
subcategories,0.7241446129986947,0.9714727996461744,0.7095484894842072,0.955103815632134,0.7408157308768306,0.9884126448419395,0.7430719845861317,,,,
attr_groups,0.25464393238398614,0.9349337715167425,0.27194364407050087,0.9970082913069493,0.24010538078573604,0.8801358234295416,0.27222483256652413,,,,
attributes,0.015753423627738915,0.6840978308574164,0.012507054237280688,0.5282627449369428,0.027606366857318102,0.9703452178834182,0.019278318155016374,,,,
CompositeLoss,,,,,,,,0.016393738333135843,0.0,0.0,0.016393738333135843
OverallModel,0.08565616461313758,0.8219337146245352,0.0797992836628361,0.7302399086898308,0.10163494488410943,0.9399615754082613,0.0995899489164097,,,,
