Head,Macro_F1,Micro_F1,Macro_Precision,Micro_Precision,Macro_Recall,Micro_Recall,mAP,L_bce,L_consistency,L_path,CHL
categories,0.362094789982035,0.9443844492440606,0.3382505239474097,0.9080053992316478,0.3998157638889925,0.9838002024974688,0.4315903442603949,,,,
subcategories,0.72361988050824,0.9733311247308266,0.7051754833301551,0.955757970071568,0.7440408016167455,0.9915626054674317,0.7442781141765601,,,,
attr_groups,0.2555344356527375,0.9383515122457948,0.2719847555150236,0.9971553517598607,0.2417359152166255,0.8860969628372005,0.27233096313706523,,,,
attributes,0.01788883442820046,0.7484196485530361,0.014377096947875381,0.6077660300939554,0.02746527595056816,0.9737785323523863,0.02159652784968074,,,,
CompositeLoss,,,,,,,,0.014046893083229125,0.0,0.0,0.014046893083229125
OverallModel,0.09203855377229625,0.85898201861738,0.08606151161124885,0.7877063377045703,0.10483168307202347,0.944439735548398,0.1050399806843271,,,,
