Head,Macro_F1,Micro_F1,Macro_Precision,Micro_Precision,Macro_Recall,Micro_Recall,mAP,L_bce,L_consistency,L_path,CHL
categories,0.3561848460382013,0.6229955646537019,0.2778205447031504,0.4921832884097035,0.5902980878910346,0.8485130111524164,0.4333606760806033,,,,
subcategories,0.6387435687285593,0.7720154908233711,0.5473999021157131,0.6618071593533488,0.8997804589938313,0.9262626262626262,0.7504821835628456,,,,
attr_groups,0.7925641591652076,0.9375775113683341,0.7955832380504397,0.9465776293823038,0.8046911237130508,0.9287469287469288,0.831913796973232,,,,
attributes,0.13020562105593392,0.33108640259439426,0.08643949206689353,0.20392934596507248,0.43955022822112644,0.8794609894166872,0.1578818437858381,,,,
CompositeLoss,,,,,,,,0.3676447836976302,0.0,0.0,0.3676447836976302
OverallModel,0.19572474954204358,0.49465802480097076,0.14741920156461433,0.3420444080630308,0.4849323609056978,0.8931758670443007,0.23280631168651197,,,,
