Head,Macro_F1,Micro_F1,Macro_Precision,Micro_Precision,Macro_Recall,Micro_Recall,mAP,L_bce,L_consistency,L_path,CHL
categories,0.3329420492408476,0.5622489959839357,0.2577499951700661,0.41846386681800984,0.6509386982740123,0.8565675340768277,0.42605814396297226,,,,
subcategories,0.6046979266979206,0.7281375166889186,0.5333565389782413,0.6202729599090133,0.8885388202351648,0.8814141414141414,0.7497766157103548,,,,
attr_groups,0.6563662726248551,0.8043789763283087,0.789691743393632,0.9137908581846594,0.6652846041859927,0.7183660933660934,0.8283095840719554,,,,
attributes,0.09065683081616921,0.20342524085804015,0.057411947142976816,0.11404464205783175,0.5661620844628641,0.9406226925916811,0.11859725609175333,,,,
CompositeLoss,,,,,,,,0.41713117141472666,0.0,0.008473024605528304,0.417554823975814
OverallModel,0.15549544530105008,0.3229420555873178,0.12072314017335282,0.19878127083693478,0.5905659213265965,0.8602842943408325,0.19993110943963627,,,,
