Head,Macro_F1,Micro_F1,Macro_Precision,Micro_Precision,Macro_Recall,Micro_Recall,mAP,L_bce,L_consistency,L_path,CHL
categories,0.34653304878746904,0.5743326488706365,0.2676801133816401,0.429514742014742,0.6673989168193932,0.8664807930607187,0.45407220008265586,,,,
subcategories,0.5930030838090654,0.6979260595130748,0.5498974358826868,0.6302931596091205,0.844299454855233,0.7818181818181819,0.7878383883765383,,,,
attr_groups,0.6478848796484413,0.7844762182667055,0.7933087682084573,0.9123116601058776,0.7054172622070369,0.6880630630630631,0.8456713056440237,,,,
attributes,0.07607629911851863,0.09829684288390762,0.04852455271167974,0.05169543950051976,0.8969760531720362,0.9975387644597588,0.10265279110185137,,,,
CompositeLoss,,,,,,,,0.4160835695894141,0.004254790537647511,0.0009347981969384771,0.416555792093277
OverallModel,0.14476507676834624,0.17161109536686592,0.11543986058863513,0.0952469152135757,0.860337446690939,0.865628172927911,0.1923517542984826,,,,
