Head,Macro_F1,Micro_F1,Macro_Precision,Micro_Precision,Macro_Recall,Micro_Recall,mAP,L_bce,L_consistency,L_path,CHL
categories,0.33294661520638186,0.561223452901128,0.25637024112451867,0.4175865719038258,0.6577998343992848,0.8554832713754646,0.42782018914318376,,,,
subcategories,0.5856889478435906,0.6823966065747615,0.545591674530982,0.6065032987747409,0.8559049555008608,0.78,0.7481667314349217,,,,
attr_groups,0.6330234707354601,0.7770992366412214,0.7878498825442566,0.9111814927017351,0.6235394867728278,0.6774160524160524,0.8422734107210971,,,,
attributes,0.07633590590476906,0.09820033667994815,0.04868259210034364,0.05164123401436796,0.8968827252587487,0.997846418902289,0.11406814715463484,,,,
CompositeLoss,,,,,,,,0.4196965945394416,0.003930834293561547,0.0006370698622623948,0.4201215333060214
OverallModel,0.14256150464933562,0.1703250227325594,0.1138268924837121,0.09451253498236947,0.8569479543497263,0.8608454015924758,0.19685612192617144,,,,
