Head,Macro_F1,Micro_F1,Macro_Precision,Micro_Precision,Macro_Recall,Micro_Recall,mAP,L_bce,L_consistency,L_path,CHL
categories,0.3285456564723013,0.5570939407473574,0.25064161732132945,0.4098576122672508,0.6687727880016096,0.8694237918215614,0.4331527274218319,,,,
subcategories,0.5702627025656614,0.6687741482262031,0.5324757397204642,0.5914880397639019,0.8491568152023715,0.7692929292929293,0.7724625637937566,,,,
attr_groups,0.5891806249150273,0.7389558232931728,0.7930639829219864,0.9108910891089109,0.6046775411568883,0.6216216216216216,0.8298878860135389,,,,
attributes,0.0981662319264706,0.26286908347015286,0.062455842709232164,0.15331046136514925,0.44593686394217996,0.9211174009352695,0.123672950418415,,,,
CompositeLoss,,,,,,,,0.4185143897407933,0.008659175989267073,0.0,0.4193803071975708
OverallModel,0.1578460377106376,0.37638845987520847,0.1239805643032585,0.24479283854585196,0.4923149338353421,0.813952866990862,0.20573881651816056,,,,
