Head,Macro_F1,Micro_F1,Macro_Precision,Micro_Precision,Macro_Recall,Micro_Recall,mAP,L_bce,L_consistency,L_path,CHL
categories,0.32524458389486455,0.5470628482064314,0.24866647277335296,0.399614450949593,0.6734229350125024,0.8669454770755886,0.42413526569426135,,,,
subcategories,0.571595204483593,0.6685068575864747,0.5279965943567758,0.5833207888002409,0.8639552862423562,0.7828282828282829,0.7501601564290831,,,,
attr_groups,0.6415501284633192,0.7858683612196118,0.7876033434118054,0.9126607989167231,0.6287478497057684,0.69000819000819,0.8321896676069079,,,,
attributes,0.07611854458681687,0.09798709615059323,0.04855146563542467,0.05152281361574527,0.8959219520760386,0.998031011567807,0.1007651703739497,,,,
CompositeLoss,,,,,,,,0.41687067245182235,0.004531059965589329,0.0012002239006841066,0.417383788447631
OverallModel,0.14120191965451115,0.17057264273993353,0.11215532935041393,0.09459640771658412,0.8585735501449097,0.8665633516806498,0.1853751805308601,,,,
