Head,Macro_F1,Micro_F1,Macro_Precision,Micro_Precision,Macro_Recall,Micro_Recall,mAP,L_bce,L_consistency,L_path,CHL
categories,0.3405267737659864,0.5671898734177215,0.2600122602748947,0.4213178877689183,0.6918840572550207,0.8675650557620818,0.4486835010170584,,,,
subcategories,0.5804805308505916,0.6836212134363336,0.5337335692152946,0.5992999543448486,0.8589864759939726,0.7955555555555556,0.7540705376740231,,,,
attr_groups,0.6439744652042959,0.785370660175042,0.7882608637559855,0.9051436205744823,0.6704314737322713,0.6935913185913186,0.8299435441629015,,,,
attributes,0.07610675760127474,0.09814873681183113,0.048549214869134036,0.051613848176958126,0.8903578618446363,0.9974157026827467,0.10527835477778513,,,,
CompositeLoss,,,,,,,,0.412672758102417,0.004538877615950217,0.0010204358397076202,0.4131776580685063
OverallModel,0.14349615376161018,0.17170354688931183,0.1138008415318731,0.09526292203284585,0.8575054047907346,0.869021535830706,0.1922024870229579,,,,
