Head,Macro_F1,Micro_F1,Macro_Precision,Micro_Precision,Macro_Recall,Micro_Recall,mAP,L_bce,L_consistency,L_path,CHL
categories,0.3940317075232633,0.6588878760255241,0.3281004014080994,0.5421542154215422,0.585075130692565,0.8396840148698885,0.4573673412384365,,,,
subcategories,0.6568458505733518,0.8013420448525517,0.5773523426162989,0.7117314930991218,0.8469549815597461,0.9167676767676768,0.7428829569589461,,,,
attr_groups,0.8080062464881492,0.9405740884406516,0.8092429904881179,0.9504546879899655,0.8222464007287158,0.9308968058968059,0.8406957225756574,,,,
attributes,0.13771280343682168,0.34725456962040746,0.0920391220876928,0.21653968398801648,0.4363170244982616,0.8761383214373616,0.16371445291592715,,,,
CompositeLoss,,,,,,,,0.3695958350834094,0.0,0.0,0.3695958350834094
OverallModel,0.20766733243731553,0.5156398838334948,0.15973008640583786,0.3630464890565873,0.4804375520690901,0.889515310212152,0.24058731483771417,,,,
