Head,Macro_F1,Micro_F1,Macro_Precision,Micro_Precision,Macro_Recall,Micro_Recall,mAP,L_bce,L_consistency,L_path,CHL
categories,0.3515659390748671,0.6178322078516654,0.27630515668968225,0.4899255763296424,0.58937758955007,0.8361214374225526,0.4078282589530061,,,,
subcategories,0.6347553162051529,0.7719089673913043,0.5476639473221216,0.6658365074714327,0.8829180020762054,0.9181818181818182,0.7153171179696588,,,,
attr_groups,0.8010608537809717,0.9364718054837041,0.8017849230360508,0.9465592972181552,0.8222451235809597,0.9265970515970516,0.8452290220968807,,,,
attributes,0.12835795228697022,0.3376286204268293,0.08789794159908501,0.20933014354066987,0.40902764866733676,0.8722003445729757,0.15687894053139123,,,,
CompositeLoss,,,,,,,,0.37209377163334895,0.0,0.0,0.37209377163334895
OverallModel,0.1937686070409522,0.5004828439508706,0.14860505112704792,0.34869956476945396,0.46006944961929824,0.8862555442740341,0.22799954018393637,,,,
