Head,Macro_F1,Micro_F1,Macro_Precision,Micro_Precision,Macro_Recall,Micro_Recall,mAP,L_bce,L_consistency,L_path,CHL
categories,0.4087124481444254,0.6659374050440596,0.3394964904177779,0.547954795479548,0.6095946329120494,0.8486679058240396,0.4729882263971444,,,,
subcategories,0.6563593047432014,0.7921998781230957,0.570663462231496,0.6960379378919994,0.8823995553954237,0.9191919191919192,0.7584765708661112,,,,
attr_groups,0.8077112290922926,0.9395368115641677,0.8106169208180625,0.9511171719290884,0.8144532539973421,0.9282350532350533,0.8431590039068119,,,,
attributes,0.14211856688667676,0.3588945114830674,0.09628354171442116,0.22545632385189393,0.43895929316932064,0.8793379276396751,0.1738191819338511,,,,
CompositeLoss,,,,,,,,0.3596681513284382,0.0,0.0,0.3596681513284382
OverallModel,0.21307098197316854,0.526268501442285,0.1644323622562927,0.37322258987658735,0.48662029136212226,0.8920803719339496,0.25134095260658157,,,,
