Head,Macro_F1,Micro_F1,Macro_Precision,Micro_Precision,Macro_Recall,Micro_Recall,mAP,L_bce,L_consistency,L_path,CHL
categories,0.3532813169589329,0.5537702061755881,0.27935178043405956,0.4027171617626355,0.7239566322095364,0.8861524163568774,0.4639848037848585,,,,
subcategories,0.5779312736646859,0.6683690840994212,0.530508210082912,0.5775228008237717,0.8709897044722927,0.7931313131313131,0.7423590718037428,,,,
attr_groups,0.6671868350310581,0.7998396426321516,0.7933477907098037,0.9077083062524373,0.747203988496005,0.7148853398853399,0.8498664008738775,,,,
attributes,0.07472533666684038,0.09112700419693345,0.0477421231109042,0.04773864180450421,0.9115646258503401,1.0,0.11064416127231633,,,,
CompositeLoss,,,,,,,,0.40760706286681325,0.004702041366774785,0.0013791776436846703,0.4085153749114589
OverallModel,0.14461272735393899,0.1617571822117277,0.11564542786053818,0.08907876272573104,0.8814686650379125,0.8785870785015765,0.19870392192678255,,,,
