Head,Macro_F1,Micro_F1,Macro_Precision,Micro_Precision,Macro_Recall,Micro_Recall,mAP,L_bce,L_consistency,L_path,CHL
categories,0.36602495456069806,0.5771881106654325,0.28831095413821434,0.43202463433410315,0.707764641474307,0.869268897149938,0.46873265216025467,,,,
subcategories,0.6035856682524992,0.7227291409782162,0.5315600822864416,0.6092862092862092,0.9027700340352428,0.888080808080808,0.7560212379031617,,,,
attr_groups,0.6634724943690815,0.8084195917423235,0.7979233525066655,0.9289036544850499,0.6925625450959125,0.7156019656019657,0.8394860092844149,,,,
attributes,0.07472153845284417,0.09112393853675767,0.04773924670649752,0.04773695913337974,0.9115646258503401,1.0,0.16724979637914425,,,,
CompositeLoss,,,,,,,,0.41102733266981023,0.00885466081825526,0.0030271653637388035,0.41151229958785207
OverallModel,0.1469600707218132,0.16395261399637578,0.11695184652087809,0.09030933323193338,0.8788115755159671,0.8884198151018009,0.2452885484622772,,,,
