Head,Macro_F1,Micro_F1,Macro_Precision,Micro_Precision,Macro_Recall,Micro_Recall,mAP,L_bce,L_consistency,L_path,CHL
categories,0.3594586251463948,0.5707188633315118,0.27324153639983206,0.4200980033642946,0.7222504674073689,0.8897149938042132,0.48637844042486145,,,,
subcategories,0.5754162468301086,0.6781628820215126,0.5249396640263811,0.5872264931992903,0.8668800978512059,0.8024242424242424,0.7406060778686486,,,,
attr_groups,0.6625186065637692,0.7989625360230547,0.7932178572594739,0.9141387496702716,0.7182833905007961,0.7095618345618345,0.8414390173047598,,,,
attributes,0.07478640137977154,0.09119654786387855,0.04778964571091265,0.047776814193112166,0.9115646258503401,1.0,0.13218156644731488,,,,
CompositeLoss,,,,,,,,0.412312902902302,0.004960782495082209,0.0013011667761020362,0.4133060135339436
OverallModel,0.14522038125771286,0.1622198663741032,0.11472159479771726,0.08935477913217305,0.8802402203043036,0.8790413081814781,0.2186718758122048,,,,
