Head,Macro_F1,Micro_F1,Macro_Precision,Micro_Precision,Macro_Recall,Micro_Recall,mAP,L_bce,L_consistency,L_path,CHL
categories,0.38432035951410176,0.6229580573951435,0.2999176832243337,0.4838820301783265,0.6845772019903966,0.8742255266418835,0.4986055259374477,,,,
subcategories,0.6153428982773052,0.7286190299888932,0.5677836251873287,0.672360778954561,0.8378371421069636,0.7951515151515152,0.7768086378167297,,,,
attr_groups,0.6265945834494769,0.7698426832888098,0.795536062784051,0.9162074325279073,0.6675954213076566,0.6638001638001638,0.8489628875919869,,,,
attributes,0.07491146830403025,0.09129477079376497,0.04788927206466953,0.047831437386655365,0.9096863021377817,0.9996923455574699,0.14615375565399163,,,,
CompositeLoss,,,,,,,,0.4137246577363265,0.004313909938853038,0.0013648679290015839,0.4147198874699442
OverallModel,0.14870348048569004,0.1608741003701832,0.11966931021543996,0.08870141956312265,0.8714488139386607,0.8633303051354673,0.23296240708735189,,,,
