Head,Macro_F1,Micro_F1,Macro_Precision,Micro_Precision,Macro_Recall,Micro_Recall,mAP,L_bce,L_consistency,L_path,CHL
categories,0.38933036573565355,0.6275389967455953,0.3087896166607389,0.49199366531761396,0.664975086766492,0.8661710037174721,0.49074605733810633,,,,
subcategories,0.5674353871704524,0.6501873996073532,0.5473975225267314,0.5823209718670077,0.842531293675952,0.7359595959595959,0.7682542782335219,,,,
attr_groups,0.6615553488697372,0.8071852150382866,0.7906573182988559,0.9222470727535851,0.6663297985588006,0.7176494676494677,0.8427974813217234,,,,
attributes,0.07471909837281451,0.09113058106119015,0.047736831051223366,0.04774060507075022,0.9115646258503401,1.0,0.07055461975585385,,,,
CompositeLoss,,,,,,,,0.4113745705077523,0.006670326043508555,0.0015244421420471841,0.41255971005088404
OverallModel,0.1486582513197247,0.16124662591298822,0.11984835114893069,0.08887557911203732,0.8706029126708453,0.8683001122214503,0.17026776991491777,,,,
