Head,Macro_F1,Micro_F1,Macro_Precision,Micro_Precision,Macro_Recall,Micro_Recall,mAP,L_bce,L_consistency,L_path,CHL
categories,0.18064061837301124,0.21619449467550733,0.12119846812345121,0.12119846812345123,1.0,1.0,0.13414566196155234,,,,
subcategories,0.46518180077693255,0.5253104106972302,0.35621761658031087,0.35621761658031087,1.0,1.0,0.3722266330976705,,,,
attr_groups,0.7925658240072182,0.8680351906158357,0.7668393782383421,0.7668393782383419,1.0,1.0,0.7708389719876113,,,,
attributes,0.07471851950385403,0.09112317215394276,0.047736538484132854,0.04773653848413286,0.9115646258503401,1.0,0.04778979429535978,,,,
CompositeLoss,,,,,,,,1.4086966458355738e-05,2.5600752110327126e-10,1.1568547874038347e-09,1.4087050036132017e-05
OverallModel,0.12280198031045232,0.16351085674341387,0.08903448046170609,0.08903448046170609,0.928374655647383,1.0,0.091368727994774,,,,
