Head,Macro_F1,Micro_F1,Macro_Precision,Micro_Precision,Macro_Recall,Micro_Recall,mAP,L_bce,L_consistency,L_path,CHL
categories,0.34450124554086714,0.5586059190031153,0.2607379535640861,0.4072969903463941,0.7087961425046337,0.8887856257744734,0.4776873025523925,,,,
subcategories,0.5448568152999617,0.6342380640941793,0.5034380274260163,0.5326833287558363,0.8732018780673373,0.7836363636363637,0.7645943149692683,,,,
attr_groups,0.6520323905037996,0.787145818935729,0.7909722901087144,0.8996840442338072,0.7099315439231056,0.6996314496314496,0.8300029314973113,,,,
attributes,0.07478181693536634,0.09130234491747286,0.04777875265451889,0.04783489133250136,0.9115646258503401,1.0,0.12929866735277065,,,,
CompositeLoss,,,,,,,,0.4159341313337025,0.005624413919193964,0.0011794433781975194,0.41697721104872854
OverallModel,0.14199324945735242,0.1610414040340372,0.11234945086689965,0.0886937985126845,0.8784911627415299,0.8738043071661412,0.21568206100613296,,,,
