Head,Macro_F1,Micro_F1,Macro_Precision,Micro_Precision,Macro_Recall,Micro_Recall,mAP,L_bce,L_consistency,L_path,CHL
categories,0.338048147205233,0.5660130059988909,0.2565251447569194,0.4195501083626037,0.6725654210599261,0.8695786864931846,0.43857825577805626,,,,
subcategories,0.5692790491222186,0.678884873515746,0.5214047163989782,0.5912769784172662,0.8116837731064006,0.796969696969697,0.6965443950868097,,,,
attr_groups,0.6419859017178203,0.7793515158609388,0.7902055647848267,0.9098114238863078,0.6873195375186981,0.6816134316134316,0.8493913649698294,,,,
attributes,0.0747413895707063,0.09116331253067808,0.04775359443513363,0.04775871138762112,0.9115334207077327,0.999938469111494,0.1261363933057332,,,,
CompositeLoss,,,,,,,,0.43469651906113876,0.0049506311525443665,0.0013831880121295782,0.4356946239345952
OverallModel,0.1416456661531433,0.1603080948971783,0.11236592625941713,0.08831369476994048,0.8711557995779958,0.867525249826324,0.20650285717186223,,,,
